title,composer,performances,wins,win_rate_percent,avg_points,duration_minutes,difficulty,category,windrep_url
Symfoni no. 1,"Dmitri Shostakovich, arr. Peter Sebastian Szilvay",1,1,100.0,97.67,,,,
The Miraculous Mandarin,Béla Bartók,1,0,0.0,95.67,,,,
Dionysiaques,"Florent Schmitt, arr. Felix Hauswirth",1,0,0.0,93.33,,,,
El Jardin de Las Herspérides,José Suñer-Oriola,3,0,0.0,94.28,,,,
Bergakungen Suite,"Hugo Alfvén, arr. Anders Högstedt",2,0,0.0,92.16,,,,
Gendarmes' Duet,"Jaques Offenbach, arr. Ingar Bergby",1,0,0.0,89.0,,,,
Variazioni Sinfonische su “Non Potho Reposare”,Hardy Mertens,2,1,50.0,92.34,,,,
Memorias de un Hombre de Ciudad,Luis Serrano Alarcòn,4,1,25.0,90.88,,,,
From Ancient Times,Jan Van der Roost,4,1,25.0,90.62,,,,
"Symphony no. 1, ‘Gilgamesh’",Bert Appermont,9,2,22.22,90.8,,,,
Music of the Spheres,Philip Sparke,2,1,50.0,92.5,,,,
Fraternity,Thierry Deleruyelle,3,0,0.0,94.0,,,,
Traveler,David Maslanka,8,0,0.0,89.94,,,,
Tales and Legends,Etienne Crausaz,4,0,0.0,91.38,,,,
A Midnight Dance... Through The Poison Garden,Ryan George,1,0,0.0,88.0,,,,
La Fiesta Mexicana,Harry Owen Reed,1,0,0.0,87.0,,,,
Angels in the Architecture,Frank Ticheli,9,2,22.22,90.22,,,,
Fantasy Variations,Donald Grantham,2,0,0.0,88.16,,,,
Stone Age,Thomas Doss,1,0,0.0,83.0,,,,
Symphony No IV: Bookmarks from Japan,Julie Giroux,2,0,0.0,88.0,,,,
Variations for Wind Band,Ralph Vaughan Williams,1,0,0.0,81.0,,,,
"So Nata Per Te (Born For You), 1., 2. og 4. sats",Ferrer Ferran,1,1,100.0,92.5,,,,
Divertimento,Oliver Waespi,4,0,0.0,92.38,,,,
Mountain Songs and Arias,Stig Nordhagen,1,0,0.0,91.0,,,,
"Sinfonia no 1, Tormenta del Desierto",Ferrer Ferran,2,0,0.0,92.25,,,,
Gulliver's Travels,Bert Appermont,5,1,20.0,90.1,,,,
Danzón no. 2,"Arturo Marques, trans. Oliver Nickel",9,1,11.11,87.91,,,,
"Symphony No IV: Bookmarks from Japan, 1., 2., 4., 5., og 6. sats",Julie Giroux,2,1,50.0,92.0,,,,
"Ballet Suite nr 5, The Bolt (1. Overture, 6. Dance of the Colonial Bondswoman, 8. General Dance and Apotheosis)",Dmitri Shostakovich,1,0,0.0,87.0,,,,
Spartacus,Jan Van der Roost,3,0,0.0,86.67,,,,
Lux Futura,Kevin Houben,2,0,0.0,85.0,,,,
Lake of the Moon,Kevin Houben,21,0,0.0,88.26,,,,
Overalt - Alltid,Øyvind Strand,1,0,0.0,83.0,,,,
Redline Tango,John Mackey,3,0,0.0,87.27,,,,
Sidus,Thomas Doss,13,0,0.0,87.65,,,,
I Fred Blant Träden Bo,Isak Hård,1,0,0.0,81.0,,,,
The White Deer,Thomas Doss,2,1,50.0,91.75,,,,
Pequeña Suite para Banda,Luis Serrano Alarcòn,3,0,0.0,91.0,,,,
Banja Luka,Jan de Haan,19,3,15.79,90.61,,,,
Testament,David Maslanka,2,0,0.0,93.0,,,,
"Symphony No IV: Bookmarks from Japan, 1., 2., 4. og 6. sats",Julie Giroux,1,0,0.0,92.5,,,,
Appalachian Spring,Aaron Copland,1,0,0.0,91.0,,,,
The Pied Piper of Hamelin,Otto M. Schwarz,1,0,0.0,90.0,,,,
Second Suite for Band,Alfred Reed,8,2,25.0,90.93,,,,
Carnival,Thomas Doss,4,0,0.0,87.0,,,,
Three Dance Miniatures,Philip Sparke,1,0,0.0,88.0,,,,
With Heart and Voice,David R. Gillingham,1,0,0.0,87.5,,,,
Xerxes - A Concert March,John Mackey,5,0,0.0,88.9,,,,
"Symphony No. 9 ""The New World"", 4. sats Finale","Antonin Dvorak, arr. Claire W. Johnson",1,0,0.0,86.0,,,,
"Between the Two Rivers - Variations on ""Ein Feste Burg""",Philip Sparke,11,0,0.0,88.64,,,,
Childrens March,Percy Aldridge Grainger,2,0,0.0,85.25,,,,
Jeger,Jan Erik Mikalsen,1,1,100.0,96.0,,,,
Harlequin,Franco Cesarini,2,0,0.0,92.5,,,,
Magallanes,Ferrer Ferran,1,0,0.0,92.0,,,,
Haunted Objects (Tsukumogami),John Mackey,1,0,0.0,89.5,,,,
Third Suite for Band (Scenes de Ballet),Alfred Reed,6,0,0.0,87.17,,,,
Compostela,Thierry Deleruyelle,8,0,0.0,87.56,,,,
El Camino Real,Alfred Reed,18,1,5.56,88.39,,,,
Vesuvius,Frank Ticheli,7,2,28.57,91.07,,,,
Triptych,Øyvind Moe,5,0,0.0,87.3,,,,
"The ""Gum-Suckers"" March",Percy Aldridge Grainger,3,0,0.0,86.0,,,,
Hispanola,Jan de Haan,17,1,11.76,88.68,,,,
Black Gold,Thierry Deleruyelle,2,0,0.0,89.0,,,,
Festsodd: Divertimento for Korps,Christian Aftreth Eriksen,1,0,0.0,90.0,,,,
Utopia,Jacob de Haan,4,0,0.0,89.0,,,,
Excalibur,José Alberto Pina,1,0,0.0,83.0,,,,
Noah’s Ark,Bert Appermont,8,0,0.0,86.69,,,,
Floating Flags,Carlos Marques,1,0,0.0,81.0,,,,
Of Castles and Legends,Thomas Doss,1,0,0.0,80.0,,,,
Prelude to a Celebration,Philip Sparke,1,0,0.0,79.0,,,,
Christian Daae på Maanen,Daniel Haugen,1,1,100.0,94.0,,,,
Halling,"Edvard Grieg, arr. Lars Erik Gudim",2,0,0.0,89.75,,,,
Overture to a new Age,Jan de Haan,19,0,0.0,87.92,,,,
The Secret Garden,Ingebjørg Vilhelmsen,1,0,0.0,89.0,,,,
Eldorado,Thierry Deleruyelle,3,0,0.0,90.67,,,,
"Three Norwegian Sketches, 2. sats Rauma Elv",Philip Sparke,1,0,0.0,87.0,,,,
Goddess of Fire,Steven Reineke,3,0,0.0,88.0,,,,
The Baltic Way,Jan de Haan,2,0,0.0,86.5,,,,
The Heroes Rise Again,Andrew Pearce,1,0,0.0,83.0,,,,
Golden Peak,Thierry Deleruyelle,3,0,0.0,88.0,,,,
Southern Hymn,Samuel R. Hazo,1,0,0.0,80.0,,,,
Last Cry of the Unicorn,Rossano Galante,1,0,0.0,79.0,,,,
The Secret of The White Rose,Otto M. Schwarz,1,0,0.0,78.0,,,,
Suite of Old American Dances,"Robert Russell Bennett, arr. James Curnow",3,0,33.33,88.0,,,,
Sedona,Steven Reineke,1,0,0.0,93.0,,,,
"Orient et Occident, Op. 25",Camille Saint-Saëns,1,0,0.0,92.0,,,,
Pilatus: Mountain of Dragons,Steven Reineke,15,0,0.0,88.6,,,,
At the Break of Gondwana,Benjamin Yeo,1,0,0.0,89.0,,,,
Blue Ridge Saga,James Swearingen,1,0,0.0,87.0,,,,
A Ship in the Mist,Rossano Galante,1,0,0.0,86.0,,,,
Vårofferet,Igor Stravinskij,1,1,100.0,98.67,,,,
Goldberg 2012,Svein Henrik Giske,3,0,0.0,96.35,,,,
Dirty Dancing,Torstein Aagaard-Nilsen,2,0,0.0,92.41,,,,
Peter Pan,Ferrer Ferran,3,0,0.0,91.61,,,,
Godspeed,Stephen Melillo,7,1,14.29,90.83,,,,
Enuma Elish,José Suñer-Oriola,1,0,0.0,87.33,,,,
"Symphonic Metamorphosis of themes by Carl Maria von Weber, 4. sats March","Paul Hindemith, arr. Keith Wilson",1,0,0.0,92.0,,,,
"Armenian Dances, Part 1",Alfred Reed,23,4,17.39,89.54,,,,
Norsk Rapsodi nr. 1,"Johan Halvorsen, arr. Stig Nordhagen",4,0,0.0,89.25,,,,
Aurora Awakes,John Mackey,4,0,0.0,87.71,,,,
The Frozen Cathedral,John Mackey,3,0,33.33,93.0,,,,
Symphony no. 1 - Asgard,Teo Aparicio-Barberan,2,0,0.0,89.5,,,,
Symphony for Wind Orchestra - Montage,Peter Graham,5,0,0.0,86.2,,,,
Gloriosa,Yasuhide Ito,1,0,0.0,86.0,,,,
Equus,Eric Whitacre,5,1,20.0,89.9,,,,
"Divertimento for Band, 4., 5. og 6. sats",Vincent Persichetti,1,0,0.0,85.0,,,,
Milestones,Tom Gontier,1,0,0.0,94.0,,,,
"Jungla, Poema ambientado en la Selva Africana",Ferrer Ferran,5,0,0.0,89.7,,,,
Seinsumarsdraum,Kolbein Eide Bukve,1,0,0.0,91.0,,,,
Stratoscape,Gauthier Dupertuis,1,0,0.0,90.5,,,,
Nord,Torstein Aagaard-Nilsen,1,0,0.0,90.0,,,,
Battle of Hearts,Bert Appermont,2,0,0.0,87.5,,,,
Masquerad,Aram Khachaturian,1,0,0.0,87.0,,,,
Apocalyptic Dreams,David R. Gillingham,2,0,0.0,88.5,,,,
Tam o'Shanter,"Malcolm Arnold, arr. John P. Paynter",6,0,0.0,90.0,,,,
Arabesque,Samuel R. Hazo,10,1,10.0,90.05,,,,
Las Aventuras del Principito,Ferrer Ferran,7,1,14.29,89.21,,,,
Pompeii: The Ruins Know the Long and Magnificent History,Satoshi Yagisawa,2,1,50.0,95.0,,,,
Unbroken,Randall D Standridge,1,0,0.0,94.0,,,,
Incantation and Dance,John Barnes Chance,24,3,12.5,88.17,,,,
Give us this Day,David Maslanka,10,1,10.0,90.95,,,,
Momentum Sequences,Fredrick Schjelderup,1,0,0.0,89.0,,,,
Headland Fantasy,Ingebjørg Vilhelmsen,1,0,0.0,88.5,,,,
Saga Maligna,Bert Appermont,6,0,0.0,86.92,,,,
Symphonic Suite,Clifton Williams,2,0,0.0,87.0,,,,
In Nomine,Otto M. Schwarz,1,0,0.0,86.0,,,,
Machu Picchu - City in the sky - the mystery of the hidden sun Temple,Satoshi Yagisawa,16,2,12.5,91.03,,,,
Lux Perpetua,Frank Ticheli,2,1,50.0,93.25,,,,
Overture Con Spirito,Thomas Doss,1,0,0.0,91.0,,,,
High Adventure,Randol Alan Bass,1,0,0.0,90.0,,,,
"Cavetowns ""Cappadocia""",Satoshi Yagisawa,2,0,0.0,89.0,,,,
Around the World in 80 Days,Otto M. Schwarz,4,0,0.0,88.12,,,,
Time for Celebration,Fredrick Schjelderup,2,0,0.0,88.25,,,,
"Sinfonietta no. 2, 2. og 3. sats",Philip Sparke,1,0,0.0,87.0,,,,
Sketches on a Tudor Psalm,Fisher Tull,3,0,0.0,89.33,,,,
Variants on a Mediaeval Tune,Norman Dello Joio,1,0,0.0,82.0,,,,
LOL (Laugh Out Loud),Robert Buckley,1,1,100.0,96.5,,,,
Witch Dance,Thomas Doss,1,0,0.0,96.0,,,,
"Symphonie no. 1 - The Borgias, 1. Alexander VI",Otto M. Schwarz,1,0,0.0,90.0,,,,
Huckleberry Finn Suite - Four Scenes from Mark Twain,Franco Cesarini,3,0,0.0,87.67,,,,
Variations on Laudate Dominum,Sir Charles Hubert Hastings Parry,1,0,0.0,87.5,,,,
Astronauten-Marsch,Josef Ullrich,1,0,0.0,87.0,,,,
A Hero's Tale,Bert Appermont,1,0,0.0,86.0,,,,
Four Norfolk Dances,Philip Sparke,6,0,0.0,88.17,,,,
Celtic Child,Bert Appermont,1,0,0.0,85.0,,,,
Blue Shades,Frank Ticheli,23,3,13.04,90.02,,,,
The Big Picture,Christian Aftreth Eriksen,1,0,0.0,84.0,,,,
Galea et Bellum,Jan de Haan,1,0,0.0,83.0,,,,
Slava!,Leonard Bernstein,2,1,50.0,90.5,,,,
Prevision,Jan de Haan,2,0,0.0,89.5,,,,
Music for a Solemnity,Jan de Haan,3,0,0.0,90.0,,,,
New York: 1927,Warren Barker,1,0,0.0,89.5,,,,
"Symphony no. 1, The Lord of the Rings, ""Gandalf""",Johan de Meij,5,0,0.0,86.5,,,,
"Symphony no. 1, The Lord of the Rings, ""Hobbits""",Johan de Meij,7,0,0.0,85.71,,,,
Freedom Defended,Rossano Galante,1,0,0.0,86.5,,,,
Underlige Aftenlufte,"Carl Nielsen, arr. Stig Gustafson",3,0,33.33,91.83,,,,
"Hoch Heidecksburg, op. 10",Rudolf Herzel,1,0,0.0,84.5,,,,
The Air Race,Otto M. Schwarz,1,0,0.0,84.0,,,,
Yosemite Autumn,Mark Camphouse,2,0,0.0,87.0,,,,
Variations for Band,John Brakstad,24,0,4.17,86.05,,,,
Christian Daae på setra,Daniel Haugen,1,1,100.0,93.0,,,,
Corpo Hennum festivo,Thomas Rimul,1,0,0.0,90.5,,,,
Concerto d’Amore,Jacob de Haan,3,0,0.0,87.0,,,,
Mount Everest,Rossano Galante,1,0,0.0,87.0,,,,
The Flood,Filip Ceunen,2,0,0.0,87.5,,,,
The Last Letter from Murdoch,Masanori Taruya,1,0,0.0,85.0,,,,
Another Way Home,Per Olof Ukkonen,1,0,0.0,84.0,,,,
Novena,James Swearingen,1,0,0.0,83.0,,,,
Homenaje a Joaquìn Sorolla Cuados Sinfònicos,"Bernardo Adam Ferrero, arr. Anders Högstedt",9,2,33.33,92.39,,,,
Diaghilev,Kenneth Hesketh,1,0,0.0,95.5,,,,
"Symphonic Dances from ""West Side Story""","Leonard Bernstein, arr. Paul Lavender",1,0,0.0,95.33,,,,
Myth Forest - Hestefallstjønn,Stig Nordhagen,1,0,0.0,94.66,,,,
Symphony no. 4,David Maslanka,6,0,16.67,91.81,,,,
Ildfuglen,"Igor Stravinsky, arr. Randy Earles/Frederick Fennell",3,0,33.33,94.11,,,,
Miliarium,Ferrer Ferran,1,0,0.0,92.33,,,,
Old Licks Bluesed Up,Torstein Aagaard-Nilsen,1,0,0.0,90.8,,,,
Artic Landscape,Torstein Aagaard-Nilsen,1,0,0.0,87.0,,,,
Athena - Concert no. 5,Ferrer Ferran,1,0,0.0,95.0,,,,
An Gé Fhián - The Wild Goose,Ryan George,1,0,0.0,93.0,,,,
Keystone,Thierry Deleruyelle,1,0,0.0,90.0,,,,
Belkis: Regina di Saba,"Ottorino Respighi, arr. Yoshihiro Kimura",2,0,0.0,90.0,,,,
Neuro,Simon Dobson,1,0,0.0,87.0,,,,
"Symphony no. 5, Finale","Dmitri Shostakovich, arr. Charles B. Righter",1,0,0.0,86.0,,,,
"Entornos, sats III, Fanfarria y Coral",Amando Blanquer Ponsoda,1,0,0.0,84.0,,,,
Wild Nights!,Frank Ticheli,3,0,0.0,86.17,,,,
Ride,Samuel R. Hazo,3,0,33.33,88.67,,,,
Villfar,Kolbein Eide Bukve,1,0,0.0,91.5,,,,
Audivi Media Nocte,Oliver Waespi,2,0,0.0,90.34,,,,
Spiritual Planet,Wataru Hokoyama,3,0,0.0,87.17,,,,
Fragile Oasis,Peter Meechan,1,0,0.0,90.0,,,,
Saga Candida - 7 impressions of a Witch Hunt,Bert Appermont,11,0,0.0,88.55,,,,
Stabsarabesk,Olav Anton Thommessen,13,4,30.77,91.79,,,,
Fleodrodum,Eric Swiggers,4,0,0.0,86.5,,,,
Symphony no. 3 “Slavyanskaya”,"Boris Kozhevnikov, arr. John R. Bourgeois",1,0,0.0,86.0,,,,
High Wire,John Mackey,1,0,0.0,84.5,,,,
Perseus,Satoshi Yagisawa,1,0,0.0,83.5,,,,
Wer ist Elise,Johannes Stert,1,0,0.0,83.0,,,,
Made in Bergen (Hommage à Harald Sæverud),Svein Henrik Giske,3,0,0.0,91.33,,,,
Microtopia,Bert Appermont,1,0,0.0,92.0,,,,
Gichigamiin - The Five Freshwater Seas,Satoshi Yagisawa,1,0,0.0,88.0,,,,
"Cajun Folk Songs II, No. 2 Country Dance",Frank Ticheli,1,0,0.0,84.5,,,,
Inspiration,Jan de Haan,5,0,0.0,85.0,,,,
Music for a Festival,Philip Sparke,23,4,17.39,87.85,,,,
"War and Peace, 2. sats",Jerker Johansson,1,0,0.0,82.0,,,,
The Story of Anne Frank,Otto M. Schwarz,2,0,0.0,88.75,,,,
Bandancing,Jack Stamp,2,0,0.0,91.5,,,,
To a New Dawn,Philip Sparke,3,0,0.0,84.17,,,,
Symphony no. 1 for Band,Claude T. Smith,2,0,0.0,85.5,,,,
A Little Stress Music - Satire in Four Parts,Thomas Doss,3,0,0.0,88.17,,,,
The Stone Guardians - The Three Peaks,Thomas Doss,1,0,0.0,85.0,,,,
La Torre de Hercules,Ferrer Ferran,1,0,0.0,84.0,,,,
Sinfonietta No. 3,Franco Cesarini,1,0,0.0,81.0,,,,
Cane River Murals,Martin Ellerby,1,0,0.0,92.0,,,,
Arca de Noè,Oscar Navarro,1,0,0.0,91.0,,,,
"Tom Sawyer Suite - five Scenes from Mark Twain, Op. 27",Franco Cesarini,1,0,0.0,88.0,,,,
Bridges over the River Cam,Derek Bourgeois,2,0,0.0,85.0,,,,
"Selections from ""Princess Mononoke""",Joe Hisaishi,1,0,0.0,83.5,,,,
Pinocchio,Ferrer Ferran,7,0,0.0,88.07,,,,
"Samtidig, ein annan stad enn no",David Sætre Hveem,1,1,100.0,98.0,,,,
Tales and Myths of Gothia,Jerker Johansson,3,0,0.0,88.17,,,,
The Adventures of Baron Munchausen,Bert Appermont,3,0,0.0,89.83,,,,
A Malvern. Suite,Philip Sparke,1,0,0.0,88.0,,,,
Victory,Rossano Galante,1,0,0.0,87.5,,,,
Persis,James L. Hosay,1,0,0.0,86.0,,,,
Street Tango,Astor Piazzolla,1,0,0.0,85.0,,,,
"Prelude, Siciliano and Rondo","Malcom Arnold, arr. John Paynter",4,0,0.0,83.5,,,,
D-Day,Alex Poelman,1,0,0.0,83.5,,,,
Where Eagles Soar,Steven Reineke,2,0,0.0,87.25,,,,
Les Parapluis de Cherbourg,"Legrand/Demy, arr. Øyvind Westby",2,0,0.0,86.0,,,,
Aurora Borealis,Rossano Galante,2,1,50.0,90.5,,,,
The Legend of Maracaibo,Jose Alberto Pina,1,0,0.0,89.0,,,,
Puszta (Four Gypsi Dances),Jan Van der Roost,32,2,6.25,89.3,,,,
Journey Through Orion,Julie Giroux,1,0,0.0,85.0,,,,
Dwa Księżyce,Adam Strug,1,0,0.0,83.0,,,,
Three Brass Cats,Chris Hazell,1,0,0.0,82.0,,,,
"Symphony no. 3, II Variations on the ""Porazzi"" Theme of Wagner",Alfred Reed,1,1,100.0,97.7,,,,
Extreme Make-Over,Johan de Meij,5,1,20.0,94.67,,,,
"Macbeth, Music After Act 1 of Shakespeare's Play",Alexander Comitas,1,0,0.0,91.0,,,,
Aulos symphony,José Suñer-Oriola,1,0,0.0,90.3,,,,
"October - Sinfonisches Poem für Orchester, Op. 131",Dmitri Shostakovich,1,0,0.0,89.7,,,,
"Symphony no. 6, A Cotswold Symphony",Derek Bourgeois,3,0,33.33,91.33,,,,
Dance Movements,Philip Sparke,3,0,33.33,90.83,,,,
Zenith of the Maya,Satoshi Yagisawa,1,0,0.0,95.0,,,,
Symphony in B flat for Concert Band,Paul Hindemith,5,1,20.0,92.37,,,,
Symphony no. 6,Vincent Persichetti,1,0,0.0,91.0,,,,
Polovetsian Dances from Prince Igor,"Alexander Borodin, arr. Mark Hindsley",2,1,50.0,91.0,,,,
Homenaje a Joaquìn Sorolla Cuados Sinfònicos,Bernardo Adam Ferrero,3,0,0.0,89.0,,,,
Les Trois Notes du Japon,Mashima Toshio,1,1,100.0,96.0,,,,
Dance Suite,"Bela Bartok, arr. Eiji Suzuki",3,0,0.0,91.33,,,,
The Kings Go Forth,Edward Gregson,1,0,0.0,93.0,,,,
Terra Australis,Martin Ellerby,1,0,0.0,92.0,,,,
"Tales and Legends, 1. og 3. sats",Etienne Crausaz,1,0,0.0,89.0,,,,
Paris Sketches,Martin Ellerby,14,1,7.14,88.46,,,,
Symphonic Songs for Band,Robert Russell Bennett,4,0,0.0,89.0,,,,
Elements of Nature,Hermann Pallhuber,2,0,0.0,86.5,,,,
Fanfares and Fantasies,Stig Nordhagen,1,0,0.0,85.0,,,,
Egmont,Bert Appermont,4,1,25.0,86.5,,,,
Nitro,Frank Ticheli,1,0,0.0,84.0,,,,
Greek Dances - Enas Aitos,Nikos Skalottas,1,0,0.0,84.0,,,,
"Hymn to the Sun - With the Beat of Mother Earth, New version 2010",Satoshi Yagisawa,2,1,50.0,94.5,,,,
The Tragedy of 1904,Tom Gontier,1,0,0.0,96.0,,,,
The Speed of Heat,Julie Giroux,1,0,0.0,94.0,,,,
Danceries,Kenneth Hesketh,2,0,0.0,89.0,,,,
Terra Mystica,Thomas Doss,2,0,0.0,88.0,,,,
"Tanczi, 1. Trepak 2. Garavot 3. Troika",Jan Van der Roost,3,0,33.33,88.5,,,,
Symphonic Overture,James Barnes,13,1,7.69,88.23,,,,
Suite Francaise,Darius Milhaud,1,0,0.0,83.0,,,,
Highlands and Lowlands,Magnus Hylander,1,0,0.0,83.0,,,,
Invictus,Philip Sparke,2,0,0.0,87.0,,,,
Praise Jerusalem,Alfred Reed,1,0,0.0,90.0,,,,
Golden Land,Saul Gomez Soler,1,0,0.0,88.0,,,,
Gallimaufry,Guy Woolfenden,6,0,16.67,86.67,,,,
Tower of Babel,Hayato Hirose,2,1,50.0,89.5,,,,
Balkanya,Jan van der Roost,4,0,0.0,93.0,,,,
Fields of Honour,Thierry Deleruyelle,1,0,0.0,85.5,,,,
Deliverance,Etienne Crausaz,4,0,0.0,89.25,,,,
Breaking Point,Brian Balmages,1,0,0.0,91.0,,,,
Lord Tullamore,Carl Wittrock,2,0,0.0,86.5,,,,
Tognum Power,Jerker Johansson,1,0,0.0,86.0,,,,
Diogenes,Jacob de Haan,1,0,0.0,84.0,,,,
Heaven's Light,Steven Reineke,1,0,0.0,83.0,,,,
"Zehn Märsche, um den Sieg zu verfehlen, Marsch 3: Vivace",Mauricio Kagel,1,1,100.0,99.0,,,,
Hymn to the Fallen,John Williams,1,0,0.0,93.0,,,,
Rikudim,Jan Van der Roost,4,0,0.0,87.88,,,,
Diagram for Symphonic Band,André Waignein,3,0,33.33,91.33,,,,
Siracusa,Juan A. Perez,1,0,0.0,85.0,,,,
Into the Joy of Spring,James Swearingen,3,0,0.0,86.0,,,,
Highlights from La La Land,Justin Hurwitz,1,0,0.0,80.0,,,,
Daphnis and Chloe (Second Suite),"Maurice Ravel, arr. Mark H. Hindsley",1,0,0.0,95.17,,,,
Toccata and Fugue in D minor,"J. S. Bach, arr. Donald Hunsberger",1,0,0.0,94.83,,,,
Continental divide,Stig Nordhagen,2,0,0.0,92.59,,,,
Bachseits,Johannes Stert,2,0,0.0,94.66,,,,
"Nemesis, Metàfora Sinfónica",José Suñer-Oriola,1,0,0.0,89.17,,,,
"Symphony no. 1, The Archangels",Franco Cesarini,1,0,0.0,88.5,,,,
Epiphanies (Fanfare and Chorales),Ron Nelson,4,0,0.0,89.58,,,,
Symphony no. 2 for Band,John Barnes Chance,2,1,50.0,91.75,,,,
Canto d'ommagio,"Ludvig Irgens Jensen, trans. Lars-Thomas Holm",2,0,0.0,90.5,,,,
Children's Overture,Eugene Bozza,1,0,0.0,91.5,,,,
Seid,Torstein Aagaard-Nilsen,1,0,0.0,90.5,,,,
Spiriti,Thomas Doss,3,0,0.0,94.0,,,,
"Divertimento, 1., 2., 4., 5., 7. og 8. sats","Leonard Bernstein, arr. Clare Grundman",1,0,0.0,92.0,,,,
"Ballet Suite nr 5, The Bolt (2. Bureaucrat's Dance, 3. Draymen's Dance, 8. General Dance and Apotheosis)","Dmitri Shostakovich, arr. Roger Niese",1,0,0.0,89.0,,,,
Shadow Waltzes,Brian Balmages,1,0,0.0,87.5,,,,
Norsk Rapsodi nr. 2,"Johan Halvorsen, arr. Lars-Thomas Holm",1,0,0.0,85.0,,,,
Norwegian Carnival,"Johan Svendsen, arr. Dan Godfrey",2,0,0.0,85.0,,,,
"Symphony no. 2, Voices",James Stephenson,1,0,0.0,83.5,,,,
Hight Flight,Joseph Turrin,1,0,0.0,92.0,,,,
And the multitude with one voice spoke,James L. Hosay,1,0,0.0,91.0,,,,
Exultate,Samuel R. Hazo,3,0,0.0,86.83,,,,
Transcendent Journey,Rossano Galante,1,0,0.0,89.0,,,,
Wind Sketches,Philip Sparke,1,0,0.0,88.5,,,,
Manhattan Pictures,Jan Van der Roost,1,0,0.0,87.0,,,,
"Fanfare, Ballad and Jubilee",Claude T. Smith,1,0,0.0,87.0,,,,
The Red Machine,Peter Graham,1,0,0.0,85.0,,,,
Vientos Y Tangos,Michael Gondolfi,6,0,0.0,84.42,,,,
Rush,Samuel R. Hazo,1,1,100.0,93.0,,,,
Of Ancient Dances,Stephen Bulla,1,0,0.0,90.5,,,,
The Hounds of Spring,Alfred Reed,9,2,22.22,89.44,,,,
Sacred Harp,Jay Bocook,3,0,0.0,88.0,,,,
Sea Songs,Ralph Vaughan Williams,2,0,0.0,89.5,,,,
The Land of the Long White Cloud,Philip Sparke,4,0,0.0,87.38,,,,
Time for Outrage!,Marco Pütz,1,0,0.0,86.0,,,,
subTERRA,Daniel Weinberger,15,4,26.67,88.87,,,,
Isles of the Blessed,Bert Appermont,1,0,0.0,89.0,,,,
Mont Blanc - La Voie Royale,Otto M. Schwarz,4,0,0.0,88.75,,,,
The Junction Point,John Brakstad,1,0,0.0,88.0,,,,
Flying the Breeze,Philip Sparke,1,0,0.0,87.5,,,,
Chorale and Variations,Philip Sparke,3,0,0.0,90.0,,,,
Lebuinus ex Daventria,Peter Kleine Schaars,2,0,0.0,87.5,,,,
The Seventh Night of July,Itaru Sakai,3,0,0.0,90.0,,,,
Abracadabra,Frank Ticheli,1,0,0.0,90.0,,,,
The Witch and the Saint,Steven Reineke,10,0,0.0,87.1,,,,
Solas Ane,Samuel R. Hazo,1,0,0.0,84.0,,,,
Life in the Capital City,Timo Fosström,1,1,100.0,93.0,,,,
Oregon,Jacob de Haan,10,0,0.0,86.65,,,,
William Byrd Suite,Gordon Jacob,3,0,33.33,89.0,,,,
Einstein,Thomas Doss,1,0,0.0,85.0,,,,
Iberian Escapades,Robert Sheldon,1,0,0.0,85.0,,,,
Blue Mambo,Michael Sweeney,1,0,0.0,84.0,,,,
Et Expecto Ressurectionem,Olivier Messiaen,1,1,100.0,96.0,,,,
Panorama,Torstein Aagaard-Nilsen,2,0,0.0,92.75,,,,
Danza de los Duendes,Nancy Galbraith,3,0,0.0,92.11,,,,
Piece of Mind,Dana Wilson,2,0,0.0,92.16,,,,
Dionysiaques,"Florent Schmitt, arr. Jeffrey Steiner",6,1,33.33,91.0,,,,
A Savannah Symphony,Philip Sparke,1,0,0.0,95.0,,,,
"Symphony no. 1, ""La Vall de la Murta""",Andrés Valero-Castells,2,0,0.0,94.25,,,,
Poéme du Feu,Ida Gotkovsky,1,0,0.0,93.0,,,,
Labyrinth,Torstein Aagaard-Nilsen,1,0,0.0,92.0,,,,
L’Homme Armée,Ketil Hvoslef,1,0,0.0,90.0,,,,
Sinfonietta for Concert Band,Ingolf Dahl,3,0,33.33,90.17,,,,
"The Planets, 4. sats Jupiter The Bringer of Jollity",Gustav Holst,1,0,0.0,95.0,,,,
Dawn Flight,Philip Wilby,18,1,5.56,88.56,,,,
Overture on Russian and Kirgiz folk themes,"Dmitri Shostakovich, arr: Steven Walker",1,0,0.0,91.0,,,,
Luces y Sombras,Ferrer Ferran,2,0,0.0,90.75,,,,
Dances from Crete,Adam Gorb,2,0,0.0,87.5,,,,
Kokopelli’s Dance,Nathan Tanouye,1,0,0.0,88.0,,,,
Ghost Train,Eric Whitacre,1,1,100.0,96.0,,,,
Ascension,Robert W. Smith,2,0,0.0,89.25,,,,
"Suite Francaise, 4. sats Alsace Lorraine",Darius Milhaud,1,0,0.0,92.0,,,,
"Armenian Dances, Part 2",Alfred Reed,1,0,0.0,91.0,,,,
Punchinello Overture,Alfred Reed,13,1,7.69,85.61,,,,
Sixth Suite for Band,Alfred Reed,1,0,0.0,87.0,,,,
A Movement for Rosa,Mark Camphouse,2,0,0.0,84.75,,,,
Sevens,Samuel R. Hazo,3,0,33.33,90.0,,,,
Praetorius Variations,James Curnow,2,0,0.0,88.0,,,,
Up in the Sky,Otto M. Schwarz,1,0,0.0,82.0,,,,
"Sinfonia di Soffiatori Nr. 3, III. Andante",Geirr Tveitt,1,0,0.0,80.0,,,,
La Vouivre (The Giant Snake),Thomas Doss,2,1,50.0,92.5,,,,
The Curse of the Mermaid,Thomas Doss,2,0,0.0,88.5,,,,
Walkabout - A Kaleidoscopic Journey for Band,John Brakstad,2,0,0.0,85.0,,,,
Under Blågul Fana,Viktor Widqvist,1,0,0.0,83.0,,,,
Theatre Music,Philip Sparke,19,0,0.0,86.45,,,,
Curtain Up!,Alfred Reed,1,0,0.0,80.0,,,,
With Each Sunset (Comes the Promise of a New Day),Richard L. Saucedo,1,0,0.0,89.0,,,,
"Yiddish Dances, 1., 2., 4. og 5. sats",Adam Gorb,1,0,0.0,88.5,,,,
Jericho,Bert Appermont,6,0,0.0,84.58,,,,
The Magnetic Mountain,Mario Bürki,2,0,0.0,84.0,,,,
The Incredibles,"Michael Giacchino, arr. Takashi Hoshide",3,0,33.33,91.17,,,,
Three Norwegian Sketches,Philip Sparke,1,0,0.0,85.5,,,,
Gopak from Gayaneh,Aram Khachaturian,1,0,0.0,83.5,,,,
Sommarsång,"Wilhelm Peterson-Berger, arr. Stig Gustafson",2,0,0.0,83.0,,,,
Overture Jubiloso,Frank Erickson,4,0,0.0,85.38,,,,
Atropos,Kevin Houben,1,0,0.0,82.0,,,,
In all its Glory,James Swearingen,1,0,0.0,88.0,,,,
Edenstrand,Jerker Johansson,1,0,0.0,87.0,,,,
Amparito Roca,Jaime Teixidor,1,0,0.0,84.0,,,,
Malaguena,"Ernesto Lecuona, arr. Sammy Nestico",1,0,0.0,83.0,,,,
Funky Hedde,Torstein Aagaard-Nilsen,1,0,0.0,82.0,,,,
"Symphony no 3, Finale","Aaron Copland, arr. Donald C. Patterson",1,0,0.0,93.67,,,,
Les Preludes,"Franz List, arr. Marc Koninkx",1,0,0.0,89.0,,,,
"Out of Earth, 3. sats ""Emergico""",Oliver Waespi,1,0,0.0,87.67,,,,
Duende,Luis Serrano Alarcòn,2,1,50.0,94.5,,,,
"La promenade, La Femme a l’ombrelle - an Artwork of Claude Monet",Satoshi Yagisawa,2,0,0.0,92.5,,,,
Pines of Rome,"Ottorino Respighi, trans. Guy M. Duker",3,0,0.0,91.0,,,,
"Theme and Variations for Wind Band, Op. 43a",Arnold Schönberg,5,0,0.0,92.0,,,,
The Danserye,Tieleman Susato,1,0,0.0,89.0,,,,
Sensemayà,"Silvestre Revueltas, arr. Christiaan Jansen",3,0,33.33,91.33,,,,
Lost Vegas,Michael Daugherty,1,0,0.0,87.0,,,,
Poema Alpestre,Franco Cesarini,3,0,0.0,86.33,,,,
Cheetah,Karel Husa,1,0,0.0,92.0,,,,
The Bermuda Triangle,Jose Alberto Pina,1,0,0.0,90.0,,,,
Magnolia Star,Steve Danyew,1,0,0.0,88.5,,,,
California,David Maslanka,1,0,0.0,84.5,,,,
The Rise of the Phoenix,Teo Aparicio-Barberan,1,0,0.0,84.0,,,,
"Bergakungen Suite, 2., 4., 6. og 7. sats","Hugo Alfvén, arr. Anders Högstedt",1,0,0.0,82.0,,,,
Firestorm,Stephen Bulla,13,1,7.69,88.19,,,,
Songs of Sailor and Sea,Robert W. Smith,1,0,0.0,89.0,,,,
The Lost Castle,Otto M. Schwarz,1,0,0.0,88.0,,,,
Turbo Scramjet,William Pitts,1,0,0.0,87.0,,,,
Viking Saga,Ray Farr,1,0,0.0,86.0,,,,
Lei milde ljos,"Charles Henry Purday, arr. Torstein Aagaard-Nilsen",1,0,0.0,81.0,,,,
Lincolnshire Posy,"Percy Aldridge Grainger, arr. Frederick Fennell",8,1,12.5,89.88,,,,
Haldensernes Marsj,Oscar Borg,1,0,0.0,87.0,,,,
Toccata e Corale,John Brakstad,2,0,0.0,88.5,,,,
The Verdict,Otto M. Schwarz,1,0,0.0,84.5,,,,
"An Original Suite for Military Band, 1. sats",Gordon Jacob,1,0,0.0,84.0,,,,
Quad City Stomp,Michael Sweeney,1,0,0.0,83.0,,,,
Flashback,Jan de Haan,1,0,0.0,92.0,,,,
Iditarod Dog Sled Race,Robert Buckley,2,0,0.0,88.25,,,,
Virginia,Jacob de Haan,4,0,0.0,88.0,,,,
Almansa,Ferrer Ferran,1,0,0.0,85.0,,,,
Musica Tripartite,John Brakstad,2,0,0.0,83.75,,,,
Postcard,Frank Ticheli,13,1,7.69,89.85,,,,
Parkour,Samuel R. Hazo,1,0,0.0,83.0,,,,
Eg ser deg utfor gluggen,"Trad, arr. Lars Erik Gudim",4,0,0.0,87.38,,,,
The Glenmasan Manuscript,Marc Jeanbourquin,1,0,0.0,82.0,,,,
Come Fly with Me,"Sammy Chan, James van Heusen, arr. Lars Erik Gudim",1,0,0.0,89.0,,,,
By the River,Jan Van der Roost,1,0,0.0,88.0,,,,
Anthem for Peace,Ed Huckeby,1,0,0.0,83.0,,,,
Army of the Nile,Kenneth J. Alford,1,0,0.0,82.5,,,,
To My Country,"Bernard Zweers, arr. Johan de Meij",1,0,0.0,80.0,,,,
Drums of the Saamis,Samuel R. Hazo,1,0,0.0,97.0,,,,
Cossack Wedding Dance,Peter Graham,1,0,0.0,95.0,,,,
See Rock City,Brant Karrick,1,0,0.0,93.0,,,,
Birdland,"Josef Zawinul, arr. Bob Lowden",1,0,0.0,92.0,,,,
Mother Earth (A Fanfare),David Maslanka,4,0,0.0,89.12,,,,
The Godfather Saga,"Nino Rota, Carmine Coppola, arr. Marcel Peeters",1,0,0.0,88.0,,,,
English Folk Song Suite,Ralph Vaughan Williams,1,0,0.0,87.0,,,,
A Gershwin Portrait,John Higgins,1,0,0.0,86.0,,,,
In the Stone,"White, Foster, Willis, arr. Paul Murtha",1,0,0.0,84.0,,,,
Jesus Christ Superstar,"Andrew Lloyd Webber, arr. Willy Hautvast",1,0,0.0,82.0,,,,
"Selections from ""Chicago""","John Kander, arr. Ted Ricketts",1,0,0.0,81.0,,,,
Arkansas,Jacob de Haan,2,0,0.0,86.0,,,,
Fanfare and Choral,Egil Hovland,19,1,10.53,88.44,,,,
"Symphonic Suite from ""On The Waterfront""","Leonard Bernstein, arr. Jay Bocook",2,0,0.0,93.66,,,,
A Child’s Garden of Dreams,David Maslanka,3,0,0.0,90.61,,,,
"Feste Romane, 1., 3. og 4. sats","Ottorino Respighi, arr. Merlin Patterson",1,0,0.0,91.67,,,,
"Rebroll, Op. 31",Salvador Brotons,2,0,0.0,92.5,,,,
Suite fra Katerina Ismailova (4 første satser),"Dmitri Shostakovich, trans. José Schyns",1,0,0.0,90.67,,,,
Symphony no. 7,David Maslanka,2,1,50.0,91.59,,,,
Variasjoner over en folketone fra Valdres,Stig Nordhagen,4,1,25.0,91.33,,,,
Lux Aurumque,Eric Whitacre,2,0,0.0,89.25,,,,
Symphony no. 2,Frank Ticheli,3,0,0.0,89.0,,,,
Symphonic Metamorphosis of themes by Carl Maria von Weber,"Paul Hindemith, arr. Keith Wilson",6,0,0.0,88.33,,,,
The Soul has Many Motions,John Mackey,1,0,0.0,91.0,,,,
"Symfoni nr. 1, 3. og 4. sats",Axel Poleman,1,0,0.0,,,,,
Konzertmusik Für Blasorchester,Paul Hindemith,3,0,0.0,88.0,,,,
Symphonic Moment,Bin Kaneda,1,0,0.0,95.0,,,,
Scootin' on Hardrock,David R. Holsinger,1,0,0.0,94.0,,,,
"O Waly, Waly",Jay Boocok,1,0,0.0,92.0,,,,
Fantasy Variations on a Theme by Niccolo Paganini,James Barnes,2,0,0.0,86.5,,,,
Symphonic Movement,Václav Nelhýbel,2,0,0.0,90.0,,,,
Journey to the Centre of the Earth,Peter Graham,3,0,0.0,87.33,,,,
"The Year of the Dragon, 2. sats",Philip Sparke,1,0,0.0,85.0,,,,
Abide With Me,Arr. Stig Gustafson,1,0,0.0,82.0,,,,
Corsican Litany,Václav Nelhýbel,1,0,0.0,96.0,,,,
The Saga of Haakon the Good,Philip Sparke,4,0,0.0,87.25,,,,
The Seasons,Philip Sparke,2,0,0.0,87.5,,,,
Foundation,Mark Camphouse,1,0,0.0,84.0,,,,
"Variations on a Theme of Robert Schumann (""The Happy Farmer"")",Robert Edward Jager,3,0,0.0,86.33,,,,
Music for Life,Philip Sparke,1,0,0.0,78.0,,,,
Norwegian Dance,Torstein Aagaard-Nilsen,3,0,33.33,86.0,,,,
Air et vents de mai,Hiroshi Hoshina,1,0,0.0,95.0,,,,
Overture Allemande,Thomas Doss,1,0,0.0,88.0,,,,
Vesle Hoa som var en Hottentott,"Torbjørn Egner, arr. Reid Gilje",1,0,0.0,86.0,,,,
Second Suite in F for Military Band,Gustav Holst,9,0,0.0,85.61,,,,
Fate of the Gods,Steven Reineke,7,0,0.0,87.71,,,,
Three Mexican Pictures,Gareth Wood,2,1,50.0,89.0,,,,
Gloriana,Jay Bocook,1,0,0.0,87.0,,,,
Dawn of a New Day,James Swearingen,2,0,0.0,88.0,,,,
Folk Song Suite for Military Band,Ralph Vaughan Williams,3,0,33.33,86.67,,,,
Fra Borge,Torstein Aagaard-Nilsen,2,0,0.0,81.5,,,,
Dies Infernus,Bert Appermont,1,0,0.0,78.5,,,,
....Og teksten var av Prøysen,"Bjarne Amdahl, Egil Monn Iversen, Finn Ludt, Ulf Peder Orlog, Otto Nilsen, arr. Tom Skjellum",1,0,0.0,78.0,,,,
Saint and the City,Jacob de Haan,1,1,100.0,94.0,,,,
Vilela,Ferrer Ferran,1,0,0.0,84.5,,,,
The Light Eternal,James Swearingen,3,0,0.0,89.83,,,,
"Fest Polonaise, Op. 12","Johan Svendsen, arr. Johan Pala",1,0,0.0,82.5,,,,
Birth of a New Day,John Brakstad,1,0,0.0,81.5,,,,
Portrait of a City,Philip Sparke,3,0,0.0,92.0,,,,
"""Loch Ness"" - A Scottish Fantasy",Johan de Meij,2,0,0.0,86.0,,,,
"Ross Roy, Overture for Band",Jacob de Haan,3,0,0.0,87.67,,,,
First Suite in Eb for Military Band,Gustav Holst,8,2,25.0,87.88,,,,
Children of Sanchez,"Chuck Mangione, arr. Idar Torskangerpoll",1,0,0.0,85.0,,,,
Winter Games,"David Foster, arr. John Moss",1,0,0.0,84.0,,,,
Hymn for a Child,James Swearingen,1,0,0.0,83.0,,,,
Har du fyr?,"Ola Bremnes, arr. Stein Ivar Mortensen",1,0,0.0,82.0,,,,
James Bond 007 Selection,"John Barry/Bill Conti, arr. Johan de Meij",1,0,0.0,79.0,,,,
Daphnis and Chloe Suite no. 2,"Maurice Ravel, arr. Tohru Takahashi",1,0,0.0,96.33,,,,
Bum's Rush,Donald Grantham,1,0,0.0,92.33,,,,
Unending Lightning,Bernhard Rands,1,0,0.0,86.33,,,,
Hammersmith - Prelude and scherzo,Gustav Holst,1,0,0.0,90.0,,,,
Luceafarul,Thomas Doss,1,0,0.0,89.0,,,,
"Legend, op. 81",James Barnes,18,1,5.56,88.92,,,,
"Oktober, symfonisk dikt, op. 131","Dmitri Shostakovich, arr. André Seerden",1,0,0.0,85.0,,,,
Extreme Beethoven,Johan de Meij,1,0,0.0,82.0,,,,
"Shake, rattle and roll",David Dzubay,1,1,100.0,96.0,,,,
Black Bolt,Jess Turner,2,0,0.0,90.5,,,,
January fra Winter Dances,Fergal Carrol,1,0,0.0,93.0,,,,
Måndalen Landscapes,Philip Sparke,1,0,0.0,92.0,,,,
Paganini Variations,"Philip Wilby, arr. M. Scott McBride",5,1,20.0,90.4,,,,
Galactic Empires,David R. Gillingham,3,0,0.0,85.5,,,,
Per La Flor Del Lliri Blau,Joaquin Rodrigo,1,0,0.0,90.0,,,,
Sinfonietta no. 2,Philip Sparke,1,0,0.0,87.5,,,,
Alpine Saga,Thomas Doss,1,0,0.0,84.0,,,,
Resurgam,"Eric Ball, arr. Geoffrey Brand",1,0,0.0,82.0,,,,
Karaktersuite,"Henry VIII, Gustav Holst, Edvard Grieg",1,0,0.0,79.0,,,,
Yiddish Dances,Adam Gorb,2,1,50.0,89.5,,,,
Promising Skies,Robert W. Smith,1,0,0.0,92.0,,,,
"Suite of Old American Dances, sats 2 og 5","Robert Russell Bennett, arr. James Curnow",1,0,0.0,91.0,,,,
Divertimento for Band,Vincent Persichetti,2,0,0.0,88.75,,,,
Kungliga Älvsborgs Kustartilleriregimentets marsch,Sam Rydberg,1,0,0.0,88.0,,,,
Summer,Johan de Meij,1,0,0.0,87.5,,,,
Vaudeville Suite,Pi Scheffer,1,0,0.0,87.0,,,,
Viva Musica,Alfred Reed,1,0,0.0,86.5,,,,
Why not?,"Michel Camilo, arr. Lars Erik Gudim",1,0,0.0,86.0,,,,
Ferdaminne,Helge Hurum,1,0,0.0,85.0,,,,
"Songs of the British Isle, sats III og IV",Albert Oliver Davis,1,0,0.0,84.0,,,,
Reach for the Sky,Jerker Johansson,1,0,0.0,81.0,,,,
The Legend of Ali Baba,"Bert Appermont, arr. Frank Van Baelen",3,0,0.0,90.0,,,,
American Dances,Alfred Reed,1,0,0.0,91.5,,,,
Symphonic Rhapsody,Warren Barker,1,0,0.0,90.5,,,,
"Puszta, 4. sats",Jan Van der Roost,3,0,33.33,88.67,,,,
Concert Prelude,Philip Sparke,3,0,0.0,85.17,,,,
The Wind in the Willows,Johan de Meij,1,0,0.0,83.5,,,,
Norwegian Rustic Dances,Helge Hurum,3,0,0.0,87.0,,,,
March of the Belgian Paratroopers,Pierre Leemans,1,0,0.0,82.5,,,,
Portrait of Freedom,Steven Reineke,1,0,0.0,79.0,,,,
The Zest,Ilari Hylkilä,1,0,0.0,90.0,,,,
Pastime With Good Company,"Henry VIII, arr. Trond Elnes",1,0,0.0,88.0,,,,
The Legend of Celobrium,Philip Sparke,1,0,0.0,87.0,,,,
Call of the Valley,Jacob de Haan,1,0,0.0,85.0,,,,
Les Miserables - Selections from the Motion Picture,"Claude-Michel Schönberg, arr. Johnnie Vinson",1,0,0.0,84.0,,,,
The Lion King,"Elton John/Hans Zimmer, arr. John Higgins",1,0,0.0,82.0,,,,
"Symphonie pour Orchestre d’Harmonie, 2. sats Finale",Ida Gotkovsky,1,0,0.0,93.5,,,,
Dances of Galanta,"Zoltán Kodály, trans. Jos Van deBraak",1,0,0.0,90.0,,,,
Sketches of Pain,Øyvind Moe,1,0,0.0,88.0,,,,
Moving Parts,David Sampson,1,0,0.0,95.0,,,,
"Zeppelin Symphony, 1., 3. og 4. sats",Thomas Doss,1,0,0.0,93.0,,,,
Les Coleurs Fauves,Karel Husa,2,0,0.0,93.0,,,,
"Ubu Rex : Burlesque Suite 1., 2., 3. og 5. sats","Krzysztof Penderecki, arr. Henning Brauel",2,0,0.0,82.0,,,,
Danzas Fantásticas,"Joaquin Turina, trans. Douglas McLain",1,0,0.0,96.0,,,,
Paris Sketches 1. og 4. sats,Martin Ellerby,1,0,0.0,95.0,,,,
Sinfonia di Soffiatori Nr. 3 / Sinfonietta de Soffiatori,Geirr Tveitt,1,0,0.0,94.0,,,,
Internal Combustion,David R. Gillingham,2,0,0.0,91.0,,,,
"Give us this Day, 2. sats",David Maslanka,1,0,0.0,91.0,,,,
Free Running,Robert Buckley,1,0,0.0,88.0,,,,
Wind Blitz,Derek Bourgeois,1,0,0.0,84.0,,,,
In a Monastery Garden,Albert W. Ketèlbey,1,0,0.0,93.5,,,,
Ljodgata,Torstein Aagaard-Nilsen,1,0,0.0,92.5,,,,
Elements of the Ancients,John Brakstad,3,0,33.33,91.17,,,,
Third Suite for Band,Robert Edward Jager,2,0,0.0,88.25,,,,
Sinfonia Nobilissima,Robert Edward Jager,1,0,0.0,91.0,,,,
"Elements of the Ancients 1., 3. og 2. sats",John Brakstad,1,0,0.0,89.0,,,,
Awayday,Adam Gorb,13,1,7.69,88.62,,,,
Emblems,Aaron Copland,2,0,0.0,89.0,,,,
"Second Suite for Band, 4. sats",Alfred Reed,2,0,0.0,87.75,,,,
The Call of the Righteous,"Leslie Condon, arr. Brian Bowen",1,0,0.0,90.0,,,,
Silence Overwhelmed,Brian Balmages,1,0,0.0,88.5,,,,
Ivanhoe,Bert Appermont,1,0,0.0,86.0,,,,
"First Suite in Eb for Military Band, Sats 3 March","Gustav Holst, arr. Colin Matthews",1,0,0.0,84.0,,,,
Variation on a Korean Folk Song,John Barnes Chance,2,0,0.0,87.5,,,,
Celebration and Dance,James Swearingen,1,0,0.0,87.0,,,,
Celebration (fra Birkshire Overture),Jeffrey P. Funnell,1,0,0.0,85.0,,,,
Symphonic Marches,"John Williams, arr. Maurice Hamers",1,0,0.0,84.0,,,,
Symphonic Metamorphosis on themes from Saint-Saëns 3rd Symphony,Philip Sparke,1,0,0.0,82.0,,,,
Requiem to a Land Forgotten,Robert Sheldon,1,0,0.0,81.0,,,,
Jazzline,Helge Hurum,1,0,0.0,80.0,,,,
Tintin - Prisoners of the Sun,"Dirk Brossè, arr. Johan de Meij",2,1,50.0,93.0,,,,
Primavera,Satoshi Yagisawa,1,0,0.0,93.0,,,,
Elysium,Robert Finn,1,0,0.0,90.0,,,,
"Three Acts for Band, Adagio for Winds",Helge Hurum,1,0,0.0,82.0,,,,
Aquarium,Johan de Meij,3,0,0.0,84.67,,,,
Cobra,Jan Bosveld,3,0,0.0,91.0,,,,
Basie,Øyvind Westbye,3,0,33.33,89.67,,,,
The Playground Project - 3. Urban Funkism,Torstein Aagaard-Nilsen,2,1,50.0,93.0,,,,
And the Mountains Rising Nowhere,Joseph Schwantner,1,0,0.0,90.0,,,,
"Symphony no. 1, ‘Gilgamesh’ (Kutt i sats 4: takt 1-99)",Bert Appermont,1,0,0.0,91.0,,,,
Jupiter - The Bringer of Jollity,Gustav Holst,1,0,0.0,82.0,,,,
Symphony for William,Derek Bourgeois,1,0,0.0,96.0,,,,
New Life,Maurice Hamers,1,0,0.0,91.0,,,,
La Fanciulla del West,"Giacomo Puccini, arr: Johan de Meij",1,0,0.0,88.0,,,,
Atlantic Odyssey,Philip Sparke,1,0,0.0,87.0,,,,
1812 Overture,"Peter Tschaikowsky, arr. Mayhew Lake",1,0,0.0,86.5,,,,
"Suites of ABUK, sats 1, 2 og 3",Juha Pisto,1,0,0.0,86.0,,,,
"Bilder fra en Utstilling, The Hut on Chicken Legs (Baba Yaga)","Modest Petrovitsj Musorgskij, arr. Carl Simpson",1,0,0.0,85.5,,,,
Fragmotion,Svein Henrik Giske,1,0,0.0,88.0,,,,
John Williams Swings!,"John Williams, arr. Jay Bocook",1,0,0.0,84.0,,,,
Following the Wares,Svein Henrik Giske,2,0,0.0,91.0,,,,
Symfonia no. 3 - La Salsa 1. sats: Tumbao,"Robert Sierra, trans. Mark D. Scatterday",1,0,0.0,89.0,,,,
A Festive Overture (for Concert Band),Alfred Reed,3,0,0.0,87.5,,,,
Ireland: Of Legend and Lore,Robert W. Smith,3,0,0.0,85.33,,,,
Kaleidoscope,Philip Sparke,1,0,0.0,85.0,,,,
Galop,Dmitri Shostakovich,1,0,0.0,83.5,,,,
Rapsodie Norvègienne,"Edouard Lalo, arr. Bjørn Mellemberg",1,0,0.0,82.0,,,,
"Kentish Dances, 1. sats",Philip Sparke,1,1,100.0,96.0,,,,
Into the Raging River,Steven Reineke,1,0,0.0,92.0,,,,
Concord,Clare E. Grundman,1,0,0.0,88.0,,,,
Fantasia Norvegese,Bjørn Mellemberg,1,0,0.0,87.0,,,,
Canterbury Chorale,Jan Van der Roost,1,0,0.0,86.0,,,,
Entrata Festiva,Knut Nystedt,3,0,33.33,90.0,,,,
"Clouds, 3 satser",Eric Swiggers,1,0,0.0,92.0,,,,
Where the River Flows,James Swearingen,1,0,0.0,90.0,,,,
American Patrol,"F. W. Meacham, arr. Jerry Gray",1,0,0.0,87.0,,,,
A Rivers Fury,James Swearingen,1,0,0.0,83.0,,,,
Flåklypa Medley,"Bent Fabricius Bjerre, arr. Lars Erik Gudim",3,0,0.0,84.83,,,,
Springdansvariasjoner fra Åmot,Knut Harald Jensen,1,1,100.0,91.0,,,,
Winged Wictory,Brian Balmages,1,0,0.0,90.0,,,,
"Puszta, 1. sats",Jan Van der Roost,2,0,0.0,91.5,,,,
Eine Kleine Yiddishe Ragmusik,Adam Gorb,3,0,0.0,85.33,,,,
Symphony no. 8,David Maslanka,1,0,0.0,94.0,,,,
Soundings for Band,Cindy McTee,2,0,0.0,90.5,,,,
J'ai été au Bal,Donald Grantham,1,0,0.0,89.0,,,,
Merging Planets,Johan Modahl Leiva,1,0,0.0,86.0,,,,
Zeppelin Symphony,Thomas Doss,1,0,0.0,85.0,,,,
Ubu Rex : Burlesque Suite for Concert Band,"Krzysztof Penderecki, arr. Henning Brauel",1,1,100.0,94.0,,,,
Canzona,Peter Mennin,1,0,0.0,90.0,,,,
Wedding Dance,Jacques Press,4,0,0.0,88.88,,,,
"Norsk Kunstnerkarneval, Op. 14",Johan Svendsen,1,0,0.0,85.0,,,,
The Year of the Dragon,Philip Sparke,2,0,0.0,81.0,,,,
Cuban Overture,"George Gershwin, arr. Rogers",1,0,0.0,82.0,,,,
Symphonic Tide,Johan Modahl Leiva,1,0,0.0,81.0,,,,
Cold Shower/Köld sturta,Tryggvi M. Baldvinsson,2,0,0.0,86.0,,,,
Fantasia In G,Timothy Mahr,1,0,0.0,94.0,,,,
"Puszta, 1., 2. og 4. sats",Jan Van der Roost,1,0,0.0,91.5,,,,
G-Spot Tornado,"Frank Zappa, arr. Ray Farr",1,0,0.0,91.0,,,,
Sinfonia Festiva,Arne Running,3,0,0.0,87.67,,,,
"Hans Christian Andersen Suite, 1. og 6. sats",Søren Hyldgaard,1,0,0.0,89.0,,,,
Huntingtower Ballad for Band,Ottorino Respighi,2,0,0.0,91.0,,,,
"Ghosts, 1., 3. og 9. sats",Stephen McNeff,1,0,0.0,87.0,,,,
Hjalarljod,"Eivind Groven, arr. Nils Eivind Nicolaisen",1,1,100.0,95.0,,,,
Trittico,Václav Nelhýbel,3,0,0.0,89.33,,,,
Kobolt,John Brakstad,1,0,0.0,89.0,,,,
"Three Acts for Band, 3. Jazz Line",Helge Hurum,1,0,0.0,87.0,,,,
"Africa: Ceremony, Song and Ritual",Robert W. Smith,1,0,0.0,84.0,,,,
Four Colonial Country Dances,James Edward Curnow,3,0,33.33,85.0,,,,
Fanfare for the Common Man,Aaron Copland,1,1,100.0,96.0,,,,
Jericho (Rhapsody for Band),Morton Gould,2,0,0.0,91.5,,,,
When the Spirit Soars,Philip Sparke,1,0,0.0,90.0,,,,
Mountain scenes,Knut Nystedt,1,0,0.0,89.0,,,,
Elisabeth: The Musical,"Michael Kunze/Sylvester Levay, arr. Johan de Meij",1,0,0.0,88.0,,,,
Concerto for Band,Gordon Jacob,2,0,0.0,88.0,,,,
Danse Celestiale,Robert Sheldon,1,0,0.0,84.0,,,,
Concita for Band,Helge Hurum,5,0,0.0,87.4,,,,
Konsert Overture,Stig Nordhagen,1,0,0.0,82.0,,,,
Gardenparty,"Eythor Gunnarson, arr. Bjørn Morten Kjærnes",1,0,0.0,81.0,,,,
Molly on the Shore,Percy Aldridge Grainger,1,1,100.0,98.0,,,,
Fest i Dovregubbens Hall,"Edvard Grieg, arr. Idar Torskangerpoll",2,0,0.0,92.5,,,,
Mayflower Overture,Ron Nelson,1,0,0.0,91.0,,,,
"Sixth Suite for Band, IV. Awa Odori (Japanese Dance)",Alfred Reed,1,0,0.0,89.0,,,,
Superman - Suite for Concert Band,"John Williams, arr. Bob Lowden",1,0,0.0,87.0,,,,
A Mozart Festival,"Wolfgang Amadeus Mozart, arr. Clair W. Johnson",1,0,0.0,85.0,,,,
Fall River Overture,Robert Sheldon,1,0,0.0,84.0,,,,
Cajun Folk Songs,Frank Ticheli,1,0,0.0,83.0,,,,
Soul Bossa Nova,"Quincy Jones, arr. Per Olof Ukkonen",1,0,0.0,81.0,,,,
Music for Prague 1968,Karel Husa,5,1,20.0,91.6,,,,
Concerto for Winds and Percussion,Christian Lindberg,1,0,0.0,91.5,,,,
Norwegian Attics,Geir Lysne,1,0,0.0,90.0,,,,
Aerodynamics,David R. Gillingham,1,0,0.0,88.0,,,,
Mutanza,James Edward Curnow,7,1,14.29,90.24,,,,
L’Homme Armé: Variations for Wind Ensemble,Christopher Marshall,2,0,0.0,85.0,,,,
"Symphonic Suite, sats 1, 2, 4 og 5",Clifton Williams,1,0,0.0,84.5,,,,
Fantasy Variations on George Gershwin's Prelude ll For Piano,Donald Grantham,1,0,0.0,82.0,,,,
An Ireland Adventure,Gareth Wood,1,0,0.0,90.0,,,,
Gaelforce,Peter Graham,3,0,33.33,88.33,,,,
Windows of the World,Peter Graham,2,0,0.0,85.0,,,,
"Form og Farger, En auditiv studie av det gyldne snitt",Bjørn Morten Kjærnes,1,0,0.0,87.5,,,,
"Sheperd's Hey, English Morris Dance",Percy Aldridge Grainger,4,0,0.0,88.0,,,,
Tingly Dents,Idar Torskangerpoll,1,0,0.0,83.0,,,,
Figures Sonores,Henk Badings,13,1,7.69,88.31,,,,
The Old Railwaystation,John Brakstad,3,0,0.0,85.67,,,,
"Zehn Märsche, um den Sieg zu verfehlen",Mauricio Kagel,2,0,0.0,83.5,,,,
Candide Overture,"Leonard Bernstein, arr. Clare Grundman",1,0,0.0,91.0,,,,
Serenade for Wind Band,Derek Bourgeois,3,0,0.0,90.0,,,,
"Madurodam, Miniature Suite for Wind Orchestra",Johan de Meij,2,0,0.0,85.0,,,,
Slavia,Jan Van der Roost,1,0,0.0,87.0,,,,
Versuche über einen Marsch,Marcel Wengler,1,0,0.0,85.0,,,,
Orient Express,Philip Sparke,2,0,0.0,84.0,,,,
Canto E Danza,Bjørn Mellemberg,3,0,0.0,89.0,,,,
Grand Serenade for an Awful Lot of Winds and Percussion,P.D.Q. Bach,1,0,0.0,82.0,,,,
"Star Wars Trilogy, minus 4. sats","John Williams, arr. Donald Hunsberger",1,1,100.0,96.0,,,,
The Forest of Arden,George Lloyd,19,0,5.26,88.68,,,,
Cossack Folk Dances,Franco Cesarini,1,0,0.0,88.0,,,,
Innuendo,Michael Franks,1,0,0.0,87.0,,,,
Pirates of the Caribbean,"Klaus Badelt, Ted Ricketts",1,0,0.0,86.0,,,,
Man in the Ice,Otto M. Schwarz,2,0,0.0,85.0,,,,
"Prelude, Siciliano and Rondo (Siciliano and Rondo)","Malcom Arnold, arr. John Paynter",1,0,0.0,82.0,,,,
Harrison’s Dream,Peter Graham,2,0,0.0,89.5,,,,
"Scythian Suite, Op. 20","Sergei Prokofiev, arr. Luís Sanjaime Meseguer, Heinz Friesen",1,0,0.0,94.0,,,,
Purcell Variants,Peter Meechan,1,0,0.0,93.0,,,,
Concerto for Orchestra,"Witold Lutoslawski, arr. Lars-Thomas Holm",1,0,0.0,91.0,,,,
Chakra,Maurice Hamers,1,0,0.0,89.0,,,,
Passacaglia,Ron Nelson,1,0,0.0,87.0,,,,
"A Child’s Garden of Dreams, 1., 2., 3. og 5. sats",David Maslanka,1,0,0.0,96.0,,,,
"O Mensch, Bewein' Dein' Sünde Gross","J. S. Bach, arr. Percy Aldridge Grainger",1,0,0.0,94.0,,,,
Fiesta Del Pacifico,Roger Nixon,2,0,0.0,91.5,,,,
Second Symphony,Alfred Reed,1,0,0.0,90.0,,,,
Divertimento,"Leonard Bernstein, arr. Clare Grundman",1,0,0.0,86.0,,,,
Sowetan Spring,James MacMillan,1,0,0.0,85.0,,,,
Cantus Laetus,David R. Gillingham,3,0,0.0,90.33,,,,
Firework,Jan Van der Roost,1,0,0.0,91.0,,,,
"Festival Overture, Op. 39",Egil Hovland,3,0,0.0,90.17,,,,
Armageddon,Hardy Mertens,2,0,0.0,88.5,,,,
"The West Symphoni, 1. sats The Blue Wolf on the Plateau",Satoshi Yagisawa,1,0,0.0,87.0,,,,
Four Scottisch Dances,"Malcom Arnold, arr. John Paynter",2,1,50.0,87.0,,,,
Torch Dance,James Barnes,2,0,0.0,92.0,,,,
Mannin Veen,Haydn Wood,2,0,0.0,84.25,,,,
The Big Bang,Jens Wendelboe,1,0,0.0,84.0,,,,
Capriccio & Canzone,Helge Hurum,2,0,0.0,82.5,,,,
For All The Saints,Gustav Øistensen Aaberg,1,0,0.0,92.0,,,,
"Declaration, Ballade and Finale",Ed Huckeby,1,0,0.0,90.0,,,,
Voyage,Gustav Øistensen Aaberg,1,0,0.0,89.0,,,,
All Glory Told,James Swearingen,1,0,0.0,88.0,,,,
First Suite for Band,Alfred Reed,3,0,0.0,88.67,,,,
Hanover Festival,Philip Sparke,2,0,0.0,83.0,,,,
"First Suite for Band, 2. og 3. sats",Alfred Reed,1,0,0.0,82.0,,,,
"Windows of the World, 1. sats",Peter Graham,1,0,0.0,81.0,,,,
The Greater Glory,Knut Nystedt,1,0,0.0,80.0,,,,
Fantasie on a Danish Theme,Albert Oliver Davis,1,1,100.0,97.0,,,,
The Power of the Megatsunami,Carl Wittrock,1,0,0.0,86.0,,,,
John Williams Fantasy,"John Williams, arr. Naohiro Iwai",1,0,0.0,85.0,,,,
Fallskjärmsjägar-Marsch,Sven Samuelsson,1,0,0.0,84.0,,,,
Tales of the Unexpected,"Farmers Market/Stian Carstensen, arr. Christian Clasén og Jarle Storløkken",1,0,0.0,82.0,,,,
"Feste Romane, 1. - 4. sats","Ottorino Respighi, arr. Schaefer, Gudim, Lee",1,0,0.0,91.0,,,,
Parable,Ron Nelson,1,0,0.0,88.0,,,,
Pagan Dances,James Barnes,1,0,0.0,83.0,,,,
Wait of the World,Stephen Melillo,2,1,50.0,92.5,,,,
Niagara Falls,Michael Daugherty,1,0,0.0,91.0,,,,
Ragtimes & Habaneras,Hans Werner Henze,1,0,0.0,90.0,,,,
"Divertimento, 1., 2., 4., 6. og 8. sats","Leonard Bernstein, arr. Clare Grundman",1,0,0.0,89.0,,,,
"Symphonic Dances from ""West Side Story""","Leonard Bernstein, arr. Stian Aareskjold",1,0,0.0,88.0,,,,
Lochinvar,James Curnow,2,0,0.0,86.5,,,,
Chants de Thule (Slåtter og stev fra Tranestien),Stig Nordhagen,1,0,0.0,80.0,,,,
Moments of Spain,Johan Modahl Leiva,1,0,0.0,94.0,,,,
"Ouverture, Scherzo og Finale, op. 28",Morten Gaathaug,1,0,0.0,93.0,,,,
Dimensions,"Peter Graham, arr. Jan Segers",19,0,5.26,84.5,,,,
Suite de Ballet Les Papillons,"Coby Lankester, arr. Johan de Meij",1,0,0.0,87.0,,,,
Pageant,Vincent Persichetti,2,0,0.0,86.5,,,,
Circus Ring,Paul Hart,1,0,0.0,84.0,,,,
Life Dances,William Himes,1,0,0.0,94.0,,,,
Epinicion for Winds and Percussion,John Paulson,1,0,0.0,93.0,,,,
Othello,Alfred Reed,1,0,0.0,92.0,,,,
The Count of Monte Cristo,Otto M. Schwarz,1,0,0.0,91.0,,,,
A Jubilant Overture,Alfred Reed,20,1,5.0,87.67,,,,
"Suite for Band, no. 3, ""Donner en spectacle"", ""Valse en melancolie"", ""Marche - ça suffit""",Idar Torskangerpoll,1,0,0.0,88.0,,,,
Battlescenes,Gustav Øistensen Aaberg,1,0,0.0,87.0,,,,
Suite in B flat,Gordon Jacob,3,0,0.0,88.67,,,,
Be Thou my Vision,David R. Gillingham,1,0,0.0,84.0,,,,
Latin Games,Uri Hodorov,1,0,0.0,94.0,,,,
"Militæroverture, op. 67",Øistein Sommerfeldt,1,0,0.0,92.0,,,,
"Puszta, 1. og 3. sats",Jan Van der Roost,1,0,0.0,89.0,,,,
Rhapsody from the Low Countries,Henk van Lijnschooten,1,0,0.0,88.0,,,,
Toccata Festiva,Jan Van der Roost,1,0,0.0,86.0,,,,
Reinlenderfantasi,"Trad, arr. Torstein Aagaard-Nilsen",1,0,0.0,85.0,,,,
Gulloden I,Julie Giroux,1,0,0.0,84.0,,,,
In the Beginning,Stephen Melillo,1,0,0.0,92.0,,,,
Bells for Stokowski,Michael Daugherty,1,0,0.0,86.0,,,,
Symphony II - Lost Songs,Warren Benson,1,1,100.0,95.0,,,,
Fantasies on a theme by Haydn,Norman dello Joio,1,0,0.0,91.0,,,,
Poseidon,"Olav Berg, arr. Lars-Thomas Holm",1,0,0.0,87.0,,,,
Divertimento (unntatt 3. sats),"Leonard Bernstein, arr. Clare Grundman",1,0,0.0,84.0,,,,
Festival Variations,Claude T. Smith,1,0,0.0,83.0,,,,
Hjalar-Ljod,"Eivind Groven, arr. Knut Aasvik",1,0,0.0,91.0,,,,
Sinfonietta No 3 - Rheinfelden Sketches,Philip Sparke,2,0,0.0,91.0,,,,
An Original Suite for Military Band,Gordon Jacob,1,0,0.0,88.0,,,,
The cutting of the hay,"Percy Aldridge Grainger, arr. Brian S. Wilson",1,0,0.0,88.0,,,,
Nostradamus,Otto M. Schwarz,3,0,0.0,89.0,,,,
"Norwegian Suite for Band, 2. og 3. sats","Oscar Borg, arr. Åge Hermansen",1,0,0.0,84.0,,,,
"Eventus, 1. del Explicato og 3. del Sulitjelma fantasi",Helge Hurum,1,0,0.0,89.0,,,,
Simple gifts,"Trad., arr. Ronald Smeets",1,0,0.0,88.0,,,,
"Yiddish Dances, 5. sats Freylachs",Adam Gorb,1,0,0.0,87.0,,,,
"A Moorside suite, 3. sats March","Gustav Holst, arr. Dennis Wright",2,0,0.0,87.5,,,,
Overture To A New Era,Caesar Giovannini,1,1,100.0,95.0,,,,
"Third Suite for Band, 2. og 3. sats",Robert Edward Jager,2,0,0.0,89.5,,,,
Barnard Castle,Goff Richards,1,0,0.0,88.0,,,,
Alte Swingkameraden,"C. Teike, arr. Koos Mark",1,0,0.0,85.0,,,,
With Trumpets And Drums (A Northern Salute),Alfred Reed,1,0,0.0,84.0,,,,
Doyen,Goff Richards,1,0,0.0,83.0,,,,
Two Symphonic Movements,Václav Nelhýbel,1,0,0.0,90.0,,,,
"Heroes, Lost and Fallen",David R. Gillingham,12,0,8.33,89.96,,,,
Festivo,Edward Gregson,20,2,10.0,87.8,,,,
Diamond Variations,Robert Jäger,1,1,100.0,94.0,,,,
"Songs of the British Isles, sats IV The Bonnie Laboring Boy",Albert Oliver Davis,1,0,0.0,91.0,,,,
A Festival Prelude,Alfred Reed,1,0,0.0,89.0,,,,
New York Nitelife!,Arr. Jay Bocook,1,1,100.0,98.0,,,,
Alvamar Overture,James Barnes,1,0,0.0,92.0,,,,
Cry of the Celts,"Ronan Hardiman, arr. Peter Graham",1,0,0.0,88.0,,,,
The Trail of Dreams,Robert W. Smith,1,0,0.0,86.0,,,,
Tokyo Adventure,Luigi di Ghisallo,2,0,0.0,88.0,,,,
Highlights from Hook,"John Williams, arr. Hans van der Heide",1,0,0.0,82.0,,,,
Merry-Go-Round,Philip Sparke,1,0,0.0,81.0,,,,
Consensus,Tore Øyhus,1,0,0.0,80.0,,,,
Do Not Go Gentle Into That Good Night,Eliot Del Borgo,1,0,0.0,79.0,,,,
In Memoriam,David Maslanka,1,0,0.0,93.0,,,,
Symphony no. 5,David Maslanka,1,0,0.0,88.0,,,,
Balkan Moods,Reid Gilje,1,0,0.0,92.0,,,,
Wilten Festival Overture,Philip Sparke,2,0,0.0,88.5,,,,
Legend Of The Sword,David Shaffer,1,0,0.0,87.0,,,,
Illyrian Dances,Guy Woolfenden,5,1,20.0,88.7,,,,
Third Set for Band,Jared Spears,1,0,0.0,84.0,,,,
"Illyrian Dances, Nr. 1 Rondo",Guy Woolfenden,1,0,0.0,83.0,,,,
Jig,"Gustav Holst, arr. Johan de Meij",2,0,0.0,93.5,,,,
Små variasjoner over et ubetydelig tema,Bjørn Mellemberg,1,0,0.0,91.0,,,,
"Cry of the Celts, 1. og 3. sats","Ronan Hardiman, arr. Peter Graham",1,0,0.0,90.0,,,,
3 Pictures for Band,Lars Erik Gudim,1,0,0.0,89.0,,,,
Centennial Celebration Overture,James Barnes,1,0,0.0,88.5,,,,
Time Remembered,Philip Sparke,1,0,0.0,87.0,,,,
A Symphonic Portrait,Andrew Lloyd Webber,1,0,0.0,82.0,,,,
"Cum Laude, Concert March",Wim Laseroms,1,0,0.0,80.0,,,,
Concerto for Wind Ensemble,Karel Husa,2,1,50.0,91.5,,,,
Gloses II,Amando Blanquer,1,0,0.0,95.0,,,,
Star Wars Trilogy,"John Williams, arr. Donald Hunsberger",1,0,0.0,90.0,,,,
Caricatures,Jere Hutcheson,1,0,0.0,86.0,,,,
"Polovetsian Dances from Prince Igor, ikke 3. sats General Dance","Alexander Borodin, arr. Mark Hindsley",1,0,0.0,80.0,,,,
New World Dances,Martin Ellerby,12,0,8.33,90.23,,,,
Fanfare and Allegro,Clifton Williams,14,1,7.14,88.36,,,,
The Iliad,Robert W. Smith,1,0,0.0,88.0,,,,
Folksongs for Band no. 3,David Stanhope,1,0,0.0,87.0,,,,
Joshua Fit The Battle of Jericho,Dennis Armitage,1,0,0.0,86.0,,,,
Elegy and Celebration,Stephen Bulla,1,0,0.0,82.0,,,,
Jubilee Prelude,Philip Sparke,1,0,0.0,80.0,,,,
Inchon,Robert W. Smith,1,0,0.0,79.0,,,,
An American in Paris,"George Gershwin, arr. Naohiro Iwai",1,0,0.0,93.0,,,,
"The Divine Comedy, 2. sats Purgatorio",Robert W. Smith,1,0,0.0,92.0,,,,
"Second Suite in F for Military Band, 2. sats",Gustav Holst,1,0,0.0,90.0,,,,
Jungle Fantasy,Arr. Naohiro Iwai,1,0,0.0,88.0,,,,
"Reflections of This Time, 2. sats Blue Air",Ted Huggens (Henk van Lijnschooten),1,0,0.0,86.0,,,,
Caccia and Chorale,Clifton Williams,1,0,0.0,85.0,,,,
Chestford Portrait,James Swearingen,1,0,0.0,83.0,,,,
Prelude and Celebration,James Curnow,1,0,0.0,82.0,,,,
Affinity and Fellowship,John Brakstad,2,1,50.0,86.5,,,,
Passacaglia,"Ludvig Irgens Jensen, arr. Lars-Thomas Holm",1,0,0.0,95.0,,,,
When I Close My Eyes I See Dancers,Timothy Mahr,1,0,0.0,94.0,,,,
Sinfonia Resurrectionis,Václav Nelhýbel,1,0,0.0,92.0,,,,
The Inferno,Robert W. Smith,1,0,0.0,91.0,,,,
La Quintessenza,Johan de Meij,1,0,0.0,89.0,,,,
The Winds of Poseidon,Robert W. Smith,1,0,0.0,86.0,,,,
Dynamic Overture,Franco Cesarini,1,0,0.0,85.0,,,,
Adagio E Presto Con Fuoco,Manfred Schneider,1,0,0.0,84.0,,,,
Mountain Panorama,Manfred Schneider,2,1,50.0,89.0,,,,
Sygna og Firda Suite,Valter Aamodt,1,0,0.0,81.0,,,,
Bojarenes Indtogsmarch,"Johan Halvorsen, arr. Bjørn Mellemberg",1,0,0.0,89.0,,,,
"Second Suite in F for Military Band, 2. og 4. sats",Gustav Holst,1,0,0.0,88.0,,,,
"Eventus, 1. del Explicato",Helge Hurum,1,0,0.0,85.0,,,,
Fantasia for Band,Vittorio Giannini,1,0,0.0,84.0,,,,
"The Planets, 1. sats Mars The Bringer of the War",Gustav Holst,1,0,0.0,79.0,,,,
"Music for Prague 1968, 1., 3. og 4. sats",Karel Husa,1,0,0.0,87.0,,,,
Pulsare,Helge Hurum,12,0,8.33,88.44,,,,
"Sinfonia no. 9, 1. sats",Walter S. Harley,1,1,100.0,95.0,,,,
Canticle of the Creatures,James Edward Curnow,1,0,0.0,94.0,,,,
Alternances,André Waignein,1,0,0.0,92.0,,,,
Odyssey (Overture on an Epic Poem),James Curnow,15,1,6.67,87.3,,,,
Arctic Dreams,Michael Colgrass,1,0,0.0,94.0,,,,
The Roman Carnival,Hector Berlioz,1,0,0.0,93.0,,,,
Changes,Rolf Wallin,1,0,0.0,93.0,,,,
Galaxies,Carl Davis,1,0,0.0,89.0,,,,
Capriccio,Marcel Poot,7,1,14.29,88.93,,,,
Through The Vulcan's Eye,Robert W. Smith,1,0,0.0,93.0,,,,
Høstvise,"Christian Hartmann, arr. Nils E. Nikolaisen",1,0,0.0,92.0,,,,
Satiric Dances (for a comedy of Arisophanes),Norman dello Joio,1,1,100.0,91.0,,,,
Midnight Music,Irwin Bazelon,1,1,100.0,95.0,,,,
Festive Overture,Dmitri Shostakovich,1,0,0.0,92.0,,,,
A Myth for Symphonic Band,Hiroshi Ohguri,1,0,0.0,90.0,,,,
Charivari,Malcolm Binney,1,0,0.0,90.0,,,,
Metamorfoser,Bjørn K. Hoemsnes,1,0,0.0,93.0,,,,
Concerto pour Grand Orchestre d´Harmonie,Ida Gotkovsky,1,0,0.0,92.5,,,,
Invocation and Toccata,James Barnes,12,0,8.33,89.33,,,,
An Outdoor Overture,Aaron Copland,18,1,5.56,83.83,,,,
Pastorale,Clifton Williams,1,1,100.0,95.0,,,,
"First Suite in Eb for Military Band, 1. og 3. sats",Gustav Holst,1,0,0.0,84.0,,,,
Danse Folâtre,Claude T. Smith,1,1,100.0,95.0,,,,
Don Juan,"Richard Strauss, arr. Mark Hindsley",1,0,0.0,92.0,,,,
Dawn's Early Light,Warren Benson,1,0,0.0,90.0,,,,
Fra Hundrad folketonar frå Hardanger,"Geirr Tveitt, arr P. O. Paulsen",1,0,0.0,88.0,,,,
"Symphony no. 4, 1. sats",Alfred Reed,1,0,0.0,86.0,,,,
Variations on a Hymn by Louis Bourgeois,Claude T. Smith,12,0,8.33,86.71,,,,
Quatro Variazioni Musicali con Tema Populare,Kees Vlak,18,1,5.56,81.64,,,,
3 Fragments for Band,Hiroaki Kuwahara,11,1,9.09,88.14,,,,
Cartoon,Paul Hart,19,0,5.26,87.16,,,,
La Storia,Jacob de Haan,15,1,6.67,85.23,,,,
Pineapple Poll,Arthur Sullivan,3,0,33.33,91.5,,,,
Aegean Festival Overture,Andreas Makris,2,0,0.0,87.5,,,,
Burlesque,Georgi Salnikov,5,0,0.0,87.1,,,,
American Triptych,Roger Roger,2,0,0.0,85.75,,,,
En Natt på Bloksberg,Modest Petrovitsj Musorgskij,1,0,0.0,94.5,,,,
Tristropha,Kees Schoonenbeek,2,0,0.0,86.25,,,,
Die Verkaufte Braut,B. Smetana,1,0,0.0,80.0,,,,
Chorale and Shaker Dance,John P. Zdechlik,1,1,100.0,95.0,,,,
Overture for fun,Henk van Lijnschooten,7,1,14.29,91.66,,,,
Norwegian Suite for Band,"Oscar Borg, arr. Åge Hermansen",8,1,12.5,88.71,,,,
Soldat van Oranje,Rogier van Otterlo,3,0,33.33,88.5,,,,
Songs of the West,Gustav Holst,4,1,25.0,88.0,,,,
Delta Dances for Wind Band,Kenneth Platts,8,1,12.5,90.15,,,,
Ballad for band,Gordon Jacob,9,1,11.11,84.2,,,,
Epiphany,Henk Badings,3,0,33.33,91.5,,,,
Alpen Sketches,Warren Barker,3,0,33.33,89.1,,,,
Blow out,Oddvar Schirmer Kvam,5,1,20.0,88.74,,,,
Eufonie,Louis Toebosch,4,1,25.0,87.5,,,,
Festive Piece,Clare E. Grundman,5,1,20.0,89.26,,,,
De lystige koner i Windsor,Carl Otto Ehrenfried Nicolai,2,1,50.0,93.85,,,,
Sinfonietta,Stuart Johnson,4,1,25.0,87.43,,,,
